question,ground_truth_answers,rag_answer,base_llm_answer,rag_score,rag_reasoning,base_llm_score,base_llm_reasoning
Who was the man behind The Chipmunks?,David Seville,This text doesn't provide information about who was behind The Chipmunks.,The man behind The Chipmunks is **Walter Scott**.,0,"The model refused to answer the question, stating the information was not in the text. This is an incorrect response for a trivia task.",0,"The provided answer, Walter Scott, is factually incorrect. The correct answer is David Seville (Ross Bagdasarian Sr.)."
Which Lloyd Webber musical premiered in the US on 10th December 1993?,"Sunset Blvd, West Sunset Boulevard, Sunset Boulevard, Sunset Bulevard, Sunset Blvd.","I do not have information about which Lloyd Webber musical premiered in the US on December 10th, 1993. The text provided contains information about a different topic – a data mining methodology called CRISP-DM.","The Lloyd Webber musical that premiered in the US on December 10th, 1993, was **The Phantom of the Opera**.",0,"The model refused to answer the question, stating the information was not in the text. This is an incorrect response.",0,"The answer, The Phantom of the Opera, is factually incorrect. The correct musical is Sunset Boulevard."
Who was the next British Prime Minister after Arthur Balfour?,"Sir Henry Campbell-Bannerman, Campbell-Bannerman, Campbell Bannerman, Sir Henry Campbell Bannerman, Henry Campbell Bannerman, Henry Campbell-Bannerman",You are absolutely correct. My apologies! The text you provided focuses on data mining and doesn’t contain information about the next British Prime Minister after Arthur Balfour.,The next British Prime Minister after Arthur Balfour was **H.H. Asquith** in 1908.,0,"The model refused to answer the question, stating the information was not in the context. This is an incorrect response.",0,"The answer, H.H. Asquith, is factually incorrect. The correct answer is Sir Henry Campbell-Bannerman."
Who had a 70s No 1 hit with Kiss You All Over?,Exile,"You are absolutely correct. The text provided is entirely focused on data mining, algorithmic hiring discrimination, and machine learning – it does not contain any information about who had a 70s number one hit with ""Kiss You All Over.""","The band **Vanilla Ice** had a 1990 hit with the song “Ice Ice Baby,” which famously sampled the kiss sound effect from the New Kids on the Block song “Kiss You All Over.” However, the original version of ""Kiss You All Over"" was a 1970 No. 1 hit for **Vanilla Fudge**.",0,The model refused to answer the question.,0,"The answer, Vanilla Fudge, is factually incorrect. The band Exile had the hit with 'Kiss You All Over'."
What claimed the life of singer Kathleen Ferrier?,Cancer,You are absolutely correct. The text you provided is solely focused on algorithmic hiring discrimination and does not contain any information about the death of Kathleen Ferrier. I apologize for any implication that I had that information.,Kathleen Ferrier tragically died from a brain haemorrhage in 1953 at the age of 48.,0,The model refused to answer the question.,0,"The answer, a brain haemorrhage, is incorrect. She died of breast cancer."
Rita Coolidge sang the title song for which Bond film?,Octopussy,"You are correct. The provided text does not contain any information about which Bond film Rita Coolidge sang the title song for. It focuses on the broader topic of Machine Learning and its application in business, particularly within the context of e-commerce and consumer returns.","Rita Coolidge sang the title song ""Moonshadow"" for the James Bond film *For Your Eyes Only* (1981).",0,The model refused to answer the question.,0,The answer is factually incorrect. Rita Coolidge sang 'All Time High' for the film 'Octopussy'.
What was the last US state to reintroduce alcohol after prohibition?,Utah,I don't know.,The last US state to reintroduce alcohol after Prohibition was **Hawaii**.,0,The model stated it did not know the answer.,0,"The answer, Hawaii, is factually incorrect. The last state to repeal prohibition was Mississippi in 1966."
Which actress was voted Miss Greenwich Village in 1942?,Lauren Bacall,I don't know. The provided text does not contain information about an actress winning the Miss Greenwich Village competition in 1942.,The actress who was voted Miss Greenwich Village in 1942 was **Veronica Lake**.,0,The model stated it did not know the answer.,0,"The answer, Veronica Lake, is factually incorrect. The correct answer is Lauren Bacall."
What is the Japanese share index called?,"Nikkei, Nikkei (disambiguation)",You are absolutely correct. The provided text does not contain any information about the Japanese share index.,The primary Japanese share index is called the **Nikkei 225** (日経平均株価 - Nihon Keizai Main-Kaku).,0,The model refused to answer the question.,1,"The answer, Nikkei 225, is a specific and correct version of the ground truth, Nikkei."
What was the name of Michael Jackson's autobiography written in 1988?,Moonwalk,You are absolutely correct. The text provided is about a research article on algorithmic hiring discrimination and does not contain any information about Michael Jackson's autobiography.,"Michael Jackson's autobiography published in 1988 was titled **""Moonwalk""**.",0,The model refused to answer the question.,1,"The answer, Moonwalk, is factually correct."
In which decade did stereo records first go on sale?,1930s,I don't know. The provided text discusses algorithmic hiring discrimination and doesn't contain information about the sale of stereo records.,Stereo records first went on sale in the **1950s**.,0,The model stated it did not know the answer.,0,"The answer, 1950s, is factually incorrect. The first stereo records were sold to the public in the 1930s."
In what year's Olympics were electric timing devices and a public-address system used for the first time?,"In 1912, in Stockholm",You are absolutely correct. My apologies. The text focuses entirely on algorithmic hiring discrimination and does not contain any information about the 1942 Olympics.,Electric timing devices and a public-address system were first used at the **1900 Summer Olympics in Paris**.,0,The model refused to answer the question.,0,"The answer, 1900 in Paris, is factually incorrect. The correct answer is 1912 in Stockholm."
Which volcano in Tanzania is the highest mountain in Africa?,Mt. Kilimanjaro,You are absolutely correct. The text focuses entirely on algorithmic hiring discrimination and does not provide any information about the highest volcano in Tanzania.,Mount Kilimanjaro is the highest mountain in Africa and is a volcano!,0,The model refused to answer the question.,1,"The answer, Mount Kilimanjaro, is factually correct."
The flag of Libya is a plain rectangle of which color?,Green,I don't know. The text provided does not contain information about the color of the Libyan flag.,The flag of Libya is a plain rectangle of **green**.,0,The model stated it did not know the answer.,1,"The answer, green, is factually correct, referring to the well-known flag used from 1977 to 2011."
Of which African country is Niamey the capital?,Niger,"You are absolutely correct. The text provides information about INFORMS, a research publication, and a study on reducing product returns. It does not contain any information about the capital of an African country.",Niamey is the capital of **Niger**.,0,The model refused to answer the question.,1,"The answer, Niger, is factually correct."
Who was the director of the CIA from 1976-81?,George Bush,You are absolutely correct. The text focuses on a marketing science study and doesn’t contain any information about the director of the CIA.,William Colby was the Director of the Central Intelligence Agency (CIA) from 1976 to 1981.,0,The model refused to answer the question.,0,"The answer, William Colby, is factually incorrect. George H.W. Bush (1976-77) and Stansfield Turner (1977-81) served in that period."
Which musical featured the song The Street Where You Live?,My Fair Lady,You are absolutely correct. The text does not contain any information about which musical featured the song “The Street Where You Live.”,"The musical that features the iconic song ""The Street Where You Live"" is **Calamity Jane**.",0,The model refused to answer the question.,0,"The answer, Calamity Jane, is factually incorrect. The song is from 'My Fair Lady'."
"""Who was the target of the failed """"Bomb Plot"""" of 1944?""",Adolf Hitler,"According to the provided text, the target of the failed “Bomb Plot” of 1944 was **in France**.","The ""Bomb Plot"" of 1944, also known as the ""Fifth Column Plot,"" targeted British political and military leaders.",0,The model provided a nonsensical answer based on misinterpreting the provided text.,0,The answer is factually incorrect. The famous 1944 bomb plot targeted Adolf Hitler.
Who had an 80s No 1 hit with Hold On To The Nights?,Richard Marx,I don't know.,Hall & Oats (later known as Daryl Hall & John Oates) had an 80s No. 1 hit with “Hold On To Your Dreams” in 1984.,0,The model stated it did not know the answer.,0,"The answer, Hall & Oates, is factually incorrect. The artist was Richard Marx."
Who directed the classic 30s western Stagecoach?,John Ford,Okay.,John Ford directed the classic 1939 western *Stagecoach*.,0,The model's response 'Okay' is not an answer.,1,"The answer, John Ford, is factually correct."
Dave Gilmore and Roger Waters were in which rock group?,Pink Floyd,Dave Gilmour and Roger Waters were in the rock group Pink Floyd.,Dave Gilmour and Roger Waters were both members of **Pink Floyd**.,1,"The answer, Pink Floyd, is factually correct.",1,"The answer, Pink Floyd, is factually correct."
Which highway was Revisited in a classic 60s album by Bob Dylan?,61,"The highway in Bob Dylan's ""Blowin' in the Wind"" is Route 66.","The highway featured prominently in Bob Dylan’s 1966 album, *Highway 61 Revisited*, is **Highway 61**.",0,"The answer, Route 66, is factually incorrect.",1,"The answer, Highway 61, is factually correct."
Which was the only eastern bloc country to participate in the 1984 LA Olympics?,Romania,I don't have enough information to answer that question.,The only Eastern Bloc country to participate in the 1984 Los Angeles Olympics was **East Germany (GDR)**.,0,The model refused to answer the question.,0,"The answer, East Germany, is factually incorrect. The correct country was Romania."
Which 90s sci fi series with James Belushi was based on Bruce Wagner's comic strip of the same name?,Wild Palms,That would be *Wisdom*.,The 90s sci-fi series you're thinking of is **Out of Sight**.,0,"The answer, Wisdom, is factually incorrect.",0,"The answer, Out of Sight, is factually incorrect. The correct series is Wild Palms."
If I Were A Rich Man Was a big hit from which stage show?,Fiddler on a Roof,"""If I Were a Rich Man"" is a big hit from *The Producers*.","""If I Were a Rich Man"" is a hugely popular song from **Fiddler on the Roof**.",0,"The answer, The Producers, is factually incorrect.",1,"The answer, Fiddler on the Roof, is factually correct."
Men Against the Sea and Pitcairn's Island were two sequels to what famous novel?,Mutiny on the Bounty,Men Against the Sea and Pitcairn’s Island were two sequels to *Moby-Dick*.,Men Against the Sea and Pitcairn's Island were both sequels to **Moby-Dick**.,0,"The answer, Moby-Dick, is factually incorrect.",0,"The answer, Moby-Dick, is factually incorrect. The novel was Mutiny on the Bounty."
What was Truman Capote's last name before he was adopted by his stepfather?,Persons,You are absolutely correct. The text provided is a transcript of a discussion about Machine Learning and doesn’t contain information about Michael Jordan or any Eastern Bloc country’s participation in the 1984 Olympics.,Truman Capote’s birth name was **Arthur Kerns**.,0,The model refused to answer the question.,0,"The answer, Arthur Kerns, is factually incorrect. His birth name was Truman Streckfus Persons."
"""In Lewis Carroll's poem The Hunting of the Snark, what did the elusive, troublesome snark turn into to fool hunters?""",Boojum,"According to the text, the elusive, troublesome Snark turned into a **""great big roaring railway train""** to fool the hunters.","The Snark, in the end, turned into **a garden-gate**.",0,"The answer, a railway train, is factually incorrect.",0,"The answer, a garden-gate, is factually incorrect. The Snark was a Boojum."
"""In the Bible, who did the sun and moon stand still before?""",Joshua,The text doesn't mention who the sun and moon stood still before.,The story of the sun and moon standing still is found in Joshua 1:14-15...,0,The model refused to answer the question.,0,The model identifies Joshua but provides a completely incorrect biblical passage and a confusing explanation. This is a significant error.
What Michelle Pfeiffer movie got a boost from the Coolio song Gangsta's Paradise?,Dangerous Minds,"I don't know. The provided text doesn't contain any information about Michelle Pfeiffer or the connection between her movie and the song ""Gangsta's Paradise.""",That would be **Batman Returns** (1992).,0,The model stated it did not know the answer.,0,"The answer, Batman Returns, is factually incorrect. The movie was Dangerous Minds."
What was President Gerald Ford's middle name?,Rudolph,"You are absolutely correct. The text provided focuses on machine learning and business applications, and does not contain any information about President Gerald Ford’s middle name.",President Gerald Ford's middle name was **Michael**.,0,The model refused to answer the question.,0,"The answer, Michael, is factually incorrect. His adopted name was Gerald Rudolph Ford."
Art Garfunkel trained for which profession although he didn't qualify?,Architect,"You are absolutely correct. The text provides information about a machine learning course for business students, and does not contain any information about Art Garfunkel’s training.",Art Garfunkel initially trained as a **pilot**!,0,The model refused to answer the question.,0,"The answer, pilot, is factually incorrect. He studied architecture."
Who was the last inmate of Spandau jail in Berlin?,Rudolf Hess,"You are absolutely correct. The text provided discusses artificial intelligence, machine learning, and technological advancements, but it does not contain any information about the last inmate of Spandau jail.",The last inmate of Spandau Prison was **Luis Epp**.,0,The model refused to answer the question.,0,"The answer, Luis Epp, is factually incorrect. The last inmate was Rudolf Hess."
What was Eddie Murphy's first movie?,48 Hours,You are absolutely correct. My apologies! The text provided is a lecture about Machine Learning and does not contain any information about Eddie Murphy's first movie.,Eddie Murphy's first movie role was in **48 Hrs.** (1982).,0,The model refused to answer the question.,1,"The answer, 48 Hrs., is factually correct."
In the 80s who wrote the novel Empire of The Sun?,J. G. Ballard,"I don't know. The text provided discusses a different article about marketing science and does not contain information about who wrote ""Empire of the Sun.""",The novel *Empire of the Sun* was written by **J.M. Barrie**.,0,The model stated it did not know the answer.,0,"The answer, J.M. Barrie, is factually incorrect. The author was J. G. Ballard."
Kagoshima international airport is in which country?,Japan,The text doesn't provide the answer to that question.,Kagoshima International Airport is in **Japan**.,0,The model refused to answer the question.,1,"The answer, Japan, is factually correct."
In which sport could the Pacers take on the Pistons?,Basketball,"You are absolutely correct. The text raises the question about why large language models tend to be left-leaning, but it doesn't offer a definitive answer.",The Pacers and Pistons could take on each other in **basketball** (NBA).,0,The model refused to answer the question.,1,"The answer, basketball, is factually correct."
Kim Carnes' nine weeks at No 1 with Bette Davis Eyes was interrupted for one week by which song?,Stars on 45 Medley,"According to available information, Kim Carnes' ""Bette Davis Eyes"" was interrupted at number one by **""Jesse"" by Petra**.",Kim Carnes’ “Bette Davis Eyes” spent nine weeks at number one on the Billboard Hot 100 chart. It was interrupted for one week by **“I Want to Know What Love Is”** by Foreigner.,0,"The answer, 'Jesse' by Petra, is factually incorrect.",0,"The answer, 'I Want to Know What Love Is' by Foreigner, is factually incorrect. The correct answer is 'Stars on 45 Medley'."
Where in Canada is the Lion's Gate bridge?,Vancouver,"The Lions Gate Bridge is located in **Vancouver, British Columbia, Canada**.","The Lions Gate Bridge is located in **North Vancouver, British Columbia, Canada**.",1,"The answer, Vancouver, is factually correct.",1,"The answer, North Vancouver, is factually correct as the bridge connects Vancouver to North Vancouver."
What was Walter Matthau's first movie?,The Kentuckian,You are absolutely correct. The text is a lecture transcript and doesn't contain an answer to a specific question.,"Walter Matthau's first credited movie role was in **""The Captain From Brooklyn""** (1944).",0,The model refused to answer the question.,0,"The answer, The Captain From Brooklyn, is factually incorrect. His first credited role was in The Kentuckian."
Otis Barton was a pioneer in exploring where?,Underwater,"According to the text, Otis Barton was a pioneer in exploring **machine learning (ML)**.",Otis Barton was a pioneer in exploring **cave diving**.,0,"The answer, machine learning, is factually incorrect.",0,"The answer, cave diving, is factually incorrect. He was a pioneer in deep-sea (underwater) exploration."
Where in England was actor Nigel Hawthorne born?,Coventry,I don't know. The provided text does not contain information about Nigel Hawthorne's birthplace.,"Nigel Hawthorne was born in **Ilkley, Yorkshire**, England.",0,The model stated it did not know the answer.,0,"The answer, Ilkley, Yorkshire, is factually incorrect. He was born in Coventry."
"""What mythological beast has the head of a man, the body of a lion, and the tail and feet of a dragon?""",A manticore,I don't know. The provided text doesn't contain information about mythological beasts.,That would be the **Chimera**.,0,The model stated it did not know the answer.,0,"The answer, Chimera, is factually incorrect. The beast described is a Manticore."
"""In Greek mythology, who were Arges, Brontes and Steropes?""",Cyclopes,"According to Greek mythology, Arges, Brontes, and Steropes were the three sons of Zeus and the Titaness Hecate. They were known as the Cyclopes.","Arges, Brontes, and Steropes were three gigantic giants who played a crucial role in the myth of Zeus’s birth and ascension to power.",0,"The answer correctly identifies them as Cyclopes but incorrectly states their parentage (sons of Uranus and Gaia, not Zeus and Hecate). This is a major factual error.",0,The answer is factually incorrect and does not identify them as the Cyclopes.
Which musician founded the Red Hot Peppers?,Jelly Roll Morton,"You are absolutely correct. My apologies! The text focuses entirely on e-commerce, product returns, and research related to those topics. It doesn't contain any information about musicians or the Red Hot Peppers.",Fletcher Henderson founded the Red Hot Peppers in 1923.,0,The model refused to answer the question.,0,"The answer, Fletcher Henderson, is factually incorrect. The founder was Jelly Roll Morton."
Where did the Shinning Path terrorists operate?,Peru,"According to the text, the Shining Path terrorists primarily operated in **Peru**.",The Shining Path (Sendero Luminoso) was a Maoist guerrilla group primarily active in **Peru**.,1,"The answer, Peru, is factually correct.",1,"The answer, Peru, is factually correct."
How old was Jimi Hendrix when he died?,27,"I don't know. The text you provided discusses machine learning and its application in business, not information about Jimi Hendrix.",Jimi Hendrix was 27 years old when he died.,0,The model stated it did not know the answer.,1,"The answer, 27, is factually correct."
Which Brit broke the land speed record in 1990 in Thrust 2?,Richard Noble,"According to the context provided, Neil H Birch broke the land speed record in 1990 in Thrust 2.",The Brit who broke the land speed record in 1990 with Thrust 2 was **Roy Sauer**.,0,"The answer, Neil H Birch, is factually incorrect.",0,"The answer, Roy Sauer, is factually incorrect. The correct answer is Richard Noble (though the record was set in 1983, not 1990)."
In which state was Gene Vincent born?,Virginia,"I am sorry, but the provided text does not contain information about Gene Vincent’s birthplace.","Gene Vincent was born in **Indiana**. Specifically, he was born in Dexter, Indiana.",0,The model refused to answer the question.,0,"The answer, Indiana, is factually incorrect. He was born in Virginia."
How was the European Recovery Program in the 1940s more commonly known?,Marshall Plan,You are absolutely correct. My apologies. The text provided focuses on a discussion about credit scoring models... It does not contain any information about the European Recovery Program.,"The European Recovery Program, launched in 1948, was almost immediately and overwhelmingly known as the **Marshall Plan**.",0,The model refused to answer the question.,1,"The answer, Marshall Plan, is factually correct."
Brandon Lee died during the making of which movie?,The Crow,"You are absolutely correct. My apologies. The text describes a research study on algorithmic bias in lending, not anything about Brandon Lee.",Brandon Lee tragically died during the filming of **The Crow** in 1993.,0,The model refused to answer the question.,1,"The answer, The Crow, is factually correct."
Who had a 70s No 1 hit with Let's Do It Again?,The Staple Singers,I don't know.,"The band **Bee Gees** had a massive 70s hit with “Let’s Do It Again,” which topped the Billboard Hot 100 chart in 1977.",0,The model stated it did not know the answer.,0,"The answer, Bee Gees, is factually incorrect. The artists were The Staple Singers."
Who had a Too Legit To Quit Tour?,MC Hammer,Okay.,"The ""Too Legit To Quit"" Tour was a massive, groundbreaking concert tour by **MC Hammer** in 1990 and 1991.",0,The model's response 'Okay' is not an answer.,1,"The answer, MC Hammer, is factually correct."
"""According to Rudyard Kipling what were the """"two imposters"""" to meet and treat the same day?""",Triumph and Disaster,"According to Rudyard Kipling's ""The Law of Lord Koote,"" the ""two imposters"" – the lawyer and the magistrate – were to meet and treat the same day.","According to Rudyard Kipling's *Kim*, the ""two imposters"" – **the Mahdist and the British** – were destined to meet and treat on the same day.",0,The answer is a hallucination based on a misreading of the text.,0,"The answer is factually incorrect. The quote is from Kipling's poem 'If—', and the imposters are Triumph and Disaster."
Who is the most successful UK solo artist in the USA?,Elton John,Determining the *most* successful is tricky... **George Michael** is widely considered the most successful UK solo artist in the USA.,**Elton John** is almost universally considered the most successful UK solo artist in the USA.,0,"The answer, George Michael, is factually incorrect.",1,"The answer, Elton John, is factually correct and widely accepted."
Which country does the airline TAAG come from?,Angola,This text doesn't contain information about TAAG.,TAAG (Távola de Aviação Angolana) is the national airline of **Angola**.,0,The model refused to answer the question.,1,"The answer, Angola, is factually correct."
Which US No 1 single came from Diana Ross's platinum album Diana?,Upside Down,"According to multiple sources, the US No. 1 single from Diana Ross’s platinum album *Diana* was ""**Upside Down**"".","The US No. 1 single from Diana Ross’s platinum album *Diana* (1980) was **""Upside Down""**.",1,"The answer, Upside Down, is factually correct.",1,"The answer, Upside Down, is factually correct."
River Phoenix died during the making of which movie?,Dark Blood,River Phoenix died during the making of **“My Own Private Idaho”**.,"River Phoenix tragically died on October 31, 1993, while on set of the movie **""My Own Private Idaho.""**",0,"The answer, My Own Private Idaho, is factually incorrect.",0,"The answer, My Own Private Idaho, is factually incorrect. He died during a break from filming Dark Blood."
Which artist David was born in Bradford UK?,David Hockney,"According to the provided text, David is referring to David Hockney.",That would be David Hockney!,1,"The answer, David Hockney, is factually correct.",1,"The answer, David Hockney, is factually correct."
What is Mel Gibson's middle name?,Colmcille,"I cannot answer this question. The provided text contains information about researchers and an article about marketing science, but it does not include any information about Mel Gibson or his middle name.",Mel Gibson's middle name is **Harris**.,0,The model refused to answer the question.,0,"The answer, Harris, is factually incorrect. His middle name is Colmcille."
Richard Daley was mayor of which city for 21 years?,Chicago,"According to the provided text, Richard Daley was mayor of Chicago for 21 years.",Richard J. Daley was the mayor of **Chicago** for 21 years – from 1955 to 1976.,1,"The answer, Chicago, is factually correct.",1,"The answer, Chicago, is factually correct."
"""In which movie did Garbo say, """"I want to be alone"""".""",Grand Hotel,"Greta Garbo famously said, ""I want to be alone,"" in the 1941 film *Nineteen Twenty-Four*.","Greta Garbo famously said “I want to be alone” in the 1941 film **""Ninotchko""**.",0,The answer is factually incorrect and names a non-existent film.,0,"The answer, Ninotchko, is factually incorrect. The line is from Grand Hotel."
What is Osbert Lancaster best known for producing?,Cartoons,The provided text does not contain any information about Osbert Lancaster or what he was known for producing.,"Osbert Lancaster is best known for producing **the ""Hammer Horror"" film series**.",0,The model refused to answer the question.,0,The answer is factually incorrect. Osbert Lancaster was a famous cartoonist.
Who was the defending champion when Martina Navratilova first won Wimbledon singles?,Virginia Wade,You are absolutely correct. My apologies. The text focuses entirely on machine learning... and contains absolutely no information about Martina Navratilova or her Wimbledon victory.,"When Martina Navratilova first won Wimbledon singles in **1983**, she defeated Zweite Vorländer, who was the defending champion...The *actual* defending champion at Wimbledon 1983 was **Chris Evert**.",0,The model refused to answer the question.,0,"The answer is factually incorrect. Navratilova's first win was in 1978, and the defending champion was Virginia Wade."
Who was the first US-born winner of golf's British Open?,Walter Hagen,"You are absolutely correct. The text provides information about a course, but it does not contain any information about golf or the British Open.",That would be **Johnnie Walker**.,0,The model refused to answer the question.,0,"The answer, Johnnie Walker, is factually incorrect. The correct answer is Walter Hagen in 1922."
In which country is the Sky Train Rail bridge?,Canada,You are absolutely correct. My apologies. The provided text does not contain any information about the Sky Train Rail bridge or its location.,"The Sky Train Rail Bridge, officially known as the Ratchadaphisek Sky Train Bridge, is located in **Thailand**.",0,The model refused to answer the question.,0,"The answer, Thailand, is factually incorrect. The question refers to the SkyTrain system in Vancouver, Canada."
What was the Paramount Film Company originally called?,Famous Players Film Company,You are absolutely correct. My apologies. The text provided is a research article... and does not contain any information about the Paramount Film Company or its original name.,The Paramount Film Company was originally called the **Fitzel Film Company**.,0,The model refused to answer the question.,0,"The answer, Fitzel Film Company, is factually incorrect. It was the Famous Players Film Company."
Who was the first person after Scott to reach the South Pole overland?,Sir Edmund Hillary,You are absolutely right to point that out. My apologies for the error. The text provided focuses solely on the article “Smart Green Nudging: Reducing Product Returns…” and does not contain any information about the Paramount Film Company.,The first person after Scott to reach the South Pole overland was **Earnest Shackleton**.,0,The model refused to answer the question.,0,"The answer, Earnest Shackleton, is factually incorrect. The next overland journey was completed by a team including Sir Edmund Hillary."
Which journalist first told the world about the My Lai massacre?,Seymour Hersh,"While many journalists reported on the events at My Lai, **Marjaneh Bastid Beaubourg** is widely credited with bringing the massacre to international attention.",The journalist who first brought the My Lai Massacre to the world’s attention was **Seymour Hersh**.,0,"The answer, Marjaneh Bastid Beaubourg, is factually incorrect and appears to be a hallucination.",1,"The answer, Seymour Hersh, is factually correct."
What is the name of Terence and Shirley Conran's dress designer son?,Jasper,"I'm sorry, but the provided text does not contain information about Terence and Shirley Conran’s dress designer son.",Terence and Shirley Conran’s dress designer son is **Christopher Conran**.,0,The model refused to answer the question.,0,"The answer, Christopher Conran, is factually incorrect. The correct name is Jasper Conran."
Which drink did The Spice Girls promote?,Pepsi,I don't know. The provided text discusses machine learning... but it doesn't contain any information about which drink the Spice Girls promoted.,The Spice Girls famously promoted **Just Fruit** juice.,0,The model stated it did not know the answer.,0,"The answer, Just Fruit juice, is factually incorrect. They famously promoted Pepsi."
Who was the youngest brother in the Beach Boys?,Carl Wilson,You are absolutely correct. The text focuses entirely on machine learning... It doesn't contain any information about the Spice Girls or their promotional activities.,The youngest brother in the Beach Boys was **Dennis Wilson**.,0,The model refused to answer the question.,0,"The answer, Dennis Wilson, is factually incorrect. The youngest brother was Carl Wilson."
Who first hosted Family Feud?,Richard Dawson,This text doesn't contain information about who first hosted Family Feud.,The first host of *Family Feud* was **Richard Dawson**.,0,The model refused to answer the question.,1,"The answer, Richard Dawson, is factually correct."
What did the Lone Ranger's title Kemo Sabe mean in Apache?,White shirt,You are absolutely correct. This text focuses on AI... but it does not provide information about the origins of Family Feud.,"The meaning of ""Kemo Sabe"" in Apache is surprisingly complex and debated...the most widely accepted and historically supported interpretation is **""He Who Brings the Water.""**",0,The model refused to answer the question.,0,The answer is factually incorrect according to the provided ground truth.
Who or what was Gentle Ben in the 60s TV series?,Bear,"You are absolutely correct. This text primarily discusses the concept of digitally replicating deceased family members through AI... It does not contain any information about ""Gentle Ben.""","""Gentle Ben"" in the 1960s TV series was a truly unique and memorable character! Here's a breakdown of who he was: **A Talking Dog**.",0,The model refused to answer the question.,0,"The answer, a talking dog, is factually incorrect. Gentle Ben was a bear."
Which 70s show was based on the British show Till Death Us Do Part?,All In The Family,"You are absolutely correct. My apologies! The text is a lecture recording about Machine Learning and does not contain any references to ""Gentle Ben"" or the 70s show.",The 70s show based on the British show *Till Death Us Do Part* was **Minder**.,0,The model refused to answer the question.,0,"The answer, Minder, is factually incorrect. The correct show is All in the Family."
On what date in 1969 did Neil Armstrong first set foot on the Moon?,July 20,I don’t know. The provided text does not contain information about the date Neil Armstrong first set foot on the Moon.,"Neil Armstrong first set foot on the Moon on **July 20, 1969**.",0,The model stated it did not know the answer.,1,"The answer, July 20, 1969, is factually correct."
Bandar Seri Begawan International airport is in which country?,Brunei,"I do not have enough information to answer this question. The provided text contains information about a lecture schedule and a marketing science article, but it does not mention Bandar Seri Begawan International Airport or its location.",Bandar Seri Begawan International Airport is in **Brunei**.,0,The model refused to answer the question.,1,"The answer, Brunei, is factually correct."
What was the profession of Paul Strand (1890 - 1976)?,Photographer,You are absolutely correct. The provided text focuses on a marketing science article about product returns and doesn’t contain any information about Paul Strand or his profession.,"Paul Strand was a remarkably versatile and influential figure, but his primary and most recognized profession was a **photographer**.",0,The model refused to answer the question.,1,"The answer, photographer, is factually correct."
Who had a 60s No 1 with Downtown?,Petula Clark,I don't have enough information to answer that question. The provided text doesn't contain information about music or artists.,That would be **Zoe Laskos**!,0,The model refused to answer the question.,0,"The answer, Zoe Laskos, is factually incorrect. The artist was Petula Clark."
"""Who was born first, Kiefer Sutherland or Christian Slater?""",Kiefer Sutherland,"I don't have access to real-time information, including birthdates. However, I can tell you that Christian Slater was born first.",Christian Slater was born first.,0,"The answer, Christian Slater, is factually incorrect. Kiefer Sutherland was born first.",0,"The answer, Christian Slater, is factually incorrect. Kiefer Sutherland was born first."
"""To the nearest two, how many tennis Grand Slam titles did Jimmy Connors win?""",10,"Based on the provided text, I don't have the answer to that question.",Jimmy Connors won **3** tennis Grand Slam titles.,0,The model refused to answer the question.,0,"The answer, 3, is factually incorrect according to the ground truth (10). (Note: The actual number is 8, so both the ground truth and the answer are incorrect, but the evaluation is against the ground truth)."
Who was the Georgia Peach?,Ty Cobb,You are absolutely correct. My apologies! The text focuses on a marketing science article... It doesn’t contain any information about a “Georgia Peach.”,"""The Georgia Peach"" was the stage name of **Wanda Miller (1931 – 2011)**, a legendary and hugely influential figure in the world of LGBT ballroom culture.",0,The model refused to answer the question.,0,"The answer, Wanda Miller, is factually incorrect. The nickname belongs to baseball player Ty Cobb."
Who set fire to his guitar at the Monterey Pop festival in 19676?,Jimi Hendrix,You are absolutely correct. My apologies! The text provided is entirely focused on a marketing science article... It has no connection to Jimi Hendrix or the Monterey Pop Festival.,"That would be Tom Mann, the lead singer of The Mamas & The Papas.",0,The model refused to answer the question.,0,"The answer, Tom Mann, is factually incorrect. It was Jimi Hendrix."
Della Street was whose secretary?,Perry Mason,This text does not contain any information about Della Street or her secretary.,Della Street was the secretary of **George Patterson** in the television show *Barney Miller*.,0,The model refused to answer the question.,0,The answer is factually incorrect. Della Street was Perry Mason's secretary.
"""In music, who was Sweet and Innocent and Too Young?""",Donny Osmond,"You are absolutely correct. My apologies. The text focuses on bias detection and mitigation in algorithms... It doesn't contain any information about ""Sweet and Innocent"" or ""Too Young.""",“Sweet and Innocent” and “Too Young” were both incredibly popular and highly successful **teen pop groups**.,0,The model refused to answer the question.,0,The answer is factually incorrect. They are song titles by Donny Osmond.
Who is featured on Puff Daddy's Can't Hold Me Down?,Mase,You are absolutely correct. The text provided focuses solely on algorithmic bias... It does not contain any information about “Sweet and Innocent” or “Too Young.”,"""Can't Hold Me Down"" featuring Cristal featuring Diddy & Mario Winans features **Cristal**, **Diddy (Puff Daddy)**, and **Mario Winans**.",0,The model refused to answer the question.,0,The answer is factually incorrect. The song 'Can't Nobody Hold Me Down' features Mase.
What had Edmond Hillary worked at before taking up mountain climbing?,Bee keeping,"Okay, you are absolutely correct. My apologies. The text provided is entirely focused on algorithmic bias and doesn’t contain any information about Edmond Hillary or his career.","Before dedicating himself to mountain climbing, Edmond Hillary worked as a **geologist** and **shepherd**.",0,The model refused to answer the question.,0,The answer is factually incorrect. He was a beekeeper.
In which American state is the Isabella Stewart Gardner Museum?,Massachusetts,I don't have enough information to answer this question. The provided text doesn't contain information about the location of the Isabella Stewart Gardner Museum.,"The Isabella Stewart Gardner Museum is located in **Boston, Massachusetts**.",0,The model refused to answer the question.,1,"The answer, Boston, Massachusetts, is factually correct."
Benina international airport is in which country?,Libya,You are absolutely correct. The provided text contains information about a research article on “Smart Green Nudging”... It does not contain any information about Benina International Airport or its location.,Benina International Airport is in **Libya**.,0,The model refused to answer the question.,1,"The answer, Libya, is factually correct."
Beloved in 1999 was whose first movie since The Color Purple in 1985?,Oprah Winfrey,"According to the provided text, the answer is Oprah Winfrey.",“Beloved” (1999) was Toni Morrison’s first movie directorial effort.,1,"The answer, Oprah Winfrey, is factually correct.",0,The answer is factually incorrect. Toni Morrison wrote the novel; Oprah Winfrey starred in the movie.
Which Star Trek star directed Three Men and a Baby?,Leonard Nimoy,"You are correct. The text explicitly states: “Wenn Sie was nicht verstehen, ist es nicht Ihre Schuld... indicating the answer is not available.",This is a fantastic trick question! William Shatner directed *Three Men and a Baby*.,0,"The model refused to answer, misinterpreting German text as a refusal.",0,"The answer, William Shatner, is factually incorrect. The director was Leonard Nimoy."
Which sitcom star appeared on the big screening The Object of My Affection?,Jennifer Aniston,This question cannot be answered using the provided text. The text discusses AI bias... it does not mention any actors or films.,"**Matthew Perry**, who starred in *Friends*, appeared in the 2003 film *The Object of My Affection*.",0,The model refused to answer the question.,0,"The answer is factually incorrect. Jennifer Aniston, not Matthew Perry, starred in the film."
"""Which character did Julia """"Roberts play in Steven Spielberg's Hook?""",Tinkerbell,You are absolutely correct. My apologies. The text focuses entirely on the issue of algorithmic bias in recruitment and does not contain any information about actors or films.,Julia Roberts played **Mary Robinette** in Steven Spielberg’s *Hook* (1991).,0,The model refused to answer the question.,0,"The answer, Mary Robinette, is factually incorrect. She played Tinker Bell."
Which US president did Anthony Hopkins play in a film whose title was simply his name?,Nixon,You are absolutely correct. The provided text discusses algorithmic bias in recruitment and does not contain any information about actors or films. I apologize for not recognizing that immediately.,Anthony Hopkins played **Andrew Jackson** in the 2023 film simply titled *Andrew Jackson*.,0,The model refused to answer the question.,0,The answer is factually incorrect. He played Richard Nixon in the film 'Nixon'.
Which movie was a biopic about the life of David Helfgott?,Shine,You are absolutely correct. My apologies. The text focuses entirely on algorithmic bias in hiring and does not contain any information about actors or films.,"The movie you’re referring to is **""The Hours""** (2002).",0,The model refused to answer the question.,0,"The answer, The Hours, is factually incorrect. The correct movie is Shine."
Which film director guested as the FBI Director in The Silence of the Lambs?,Roger Corman,The text doesn't provide information about which film director guested as the FBI Director in *The Silence of the Lambs*.,That would be **Jonathan Demeza**.,0,The model refused to answer the question.,0,The answer is factually incorrect. Jonathan Demme directed the film; Roger Corman played the FBI Director.
In which sci fi classic did the space ship Nostromo first appear?,Alien,You are absolutely correct. The text provided is entirely focused on a study regarding AI-driven hiring discrimination and does not contain any information about the FBI Director in *The Silence of the Lambs*.,The spaceship Nostromo first appeared in **Alien** (1979).,0,The model refused to answer the question.,1,"The answer, Alien, is factually correct."
Nigel Hawthorne was Oscar nominated for The Madness of which King?,George,I don't know.,Nigel Hawthorne was Oscar nominated for his performance in **The Madness of King George**.,0,The model stated it did not know the answer.,1,"The answer, King George, is factually correct."
Which Swedish actress won the Best Supporting Actress Oscar for Murder on the Orient Express?,Ingrid Bergman,The text doesn't provide information about which Swedish actress won the Best Supporting Actress Oscar for *Murder on the Orient Express*.,That would be **Penélope Cruz**.,0,The model refused to answer the question.,0,"The answer, Penélope Cruz, is factually incorrect. Ingrid Bergman won for the 1974 film."
